{"cameraMode":{"drawMode":0,"name":"Shaded","section":"Shading Mode"},"sceneLighting":true,"audioPlay":false,"sceneViewState":{"m_AlwaysRefresh":false,"showFog":true,"showSkybox":true,"showFlares":true,"showImageEffects":true,"showParticleSystems":true,"showVisualEffectGraphs":true,"m_FxEnabled":true},"in2DMode":false,"pivot":{"x":362.44287109375,"y":136.50404357910157,"z":-37.06903076171875},"rotation":{"x":0.08480717241764069,"y":-0.005071590188890696,"z":0.0004301535082049668,"w":0.9964016079902649},"size":406.3176574707031,"orthographic":false}